 INSERT INTO PERSON
  VALUES (1,'Абдулаєв Контсянтин Тамірович','0000000001');
INSERT INTO PERSON
  VALUES (2,'Бенжар Валерій Ігорович','0000000002');
INSERT INTO PERSON
  VALUES (3,'Гайдак Владислав Сергійович','0000000003');
INSERT INTO PERSON
  VALUES (4,'Година Богдан Юрійович','0000000004');
INSERT INTO PERSON
  VALUES (5,'Горбачов Данило Віталійович','0000000005');
INSERT INTO PERSON
  VALUES (6,'Іванюк Назар Олександрович','0000000006');
INSERT INTO PERSON
  VALUES (7,'Іскра Артем Віталійович','0000000007');
INSERT INTO PERSON
  VALUES (8,'Кірінова Іванна Андріївна','0000000008');
INSERT INTO PERSON
  VALUES (9,'Ковальов Микита Андрійович','0000000009');
INSERT INTO PERSON
  VALUES (10,'Козаченко Марина Василівна','0000000010');
INSERT INTO PERSON
  VALUES (11,'Колесник Юрій Валерійович','0000000011');
INSERT INTO PERSON
  VALUES (12,'Коршак Роман Іванович','0000000012');
INSERT INTO PERSON
  VALUES (13,'Кривошей Владислав Олексндрович','0000000013');
INSERT INTO PERSON
  VALUES (14,'Лозанюк Катерина Сергіївна','0000000014');
INSERT INTO PERSON
  VALUES (15,'Ломачинський Віталій Сергійович','0000000015');
INSERT INTO PERSON
  VALUES (16,'Матвієнко Олексій Олександрович','0000000016');
INSERT INTO PERSON
  VALUES (18,'Насон Олександр Володимирович','0000000018');
INSERT INTO PERSON
  VALUES (19,'Панасюк Олександр Сергійович','0000000019');
INSERT INTO PERSON
  VALUES (20,'Погорілий Євгеній Олекснадрович','0000000020');
INSERT INTO PERSON
  VALUES (21,'Рибак Данило Олександрович','0000000021');
INSERT INTO PERSON
  VALUES (22,'Рибак Людмила Миколаївна','0000000022');
INSERT INTO PERSON
  VALUES (23,'Самойлов Максим Едуардович','0000000023');
INSERT INTO PERSON
  VALUES (24,'Сергієнко Максим Володимирович','0000000024');
INSERT INTO PERSON
  VALUES (25,'Соколова Єлизавета Романівна','0000000025');
INSERT INTO PERSON
  VALUES (26,'Сотник Дмитро Сергійович','0000000026');
INSERT INTO PERSON
  VALUES (27,'Срібна Владіміра Дмитрівна','0000000027');
INSERT INTO PERSON
  VALUES (28,'Усатюк Владислав Сергійович','0000000028');
INSERT INTO PERSON
  VALUES (29,'Цибульський Владислав станіславович','0000000029');
INSERT INTO PERSON
  VALUES (30,'Шиян Артем Дмитрович','0000000030');
INSERT INTO PERSON
  VALUES (31,'Шум Ігор Сергійович','0000000031');

SELECT*FROM PERSON;

INSERT INTO CERTIFICATE (CERTIFICATEPK, NAME, ISSUE_DATE, LOCATION, PERSONFK, TEXT)
  VALUES(1000000000, 'Воєнний білет' , TO_DATE('21.10.2021','DD.MM.YYYY'),'Сапанів',6,' ');
INSERT INTO CERTIFICATE (CERTIFICATEPK, NAME, ISSUE_DATE, LOCATION, PERSONFK, TEXT)
  VALUES(1000000001, 'Воєнний білет' , TO_DATE('31.10.2021','DD.MM.YYYY'),'Сапанів',1,' ');
INSERT INTO CERTIFICATE (CERTIFICATEPK, NAME, ISSUE_DATE, LOCATION, PERSONFK, TEXT)
  VALUES(1000000002, 'Воєнний білет' , TO_DATE('05.12.2021','DD.MM.YYYY'),'Сапанів',2,' ');
INSERT INTO CERTIFICATE (CERTIFICATEPK, NAME, ISSUE_DATE, LOCATION, PERSONFK, TEXT)
  VALUES(1000000003, 'Воєнний білет' , TO_DATE('31.10.2021','DD.MM.YYYY'),'Сапанів',3,' ');
INSERT INTO CERTIFICATE (CERTIFICATEPK, NAME, ISSUE_DATE, LOCATION, PERSONFK, TEXT)
  VALUES(1000000004, 'Воєнний білет' , TO_DATE('21.10.2021','DD.MM.YYYY'),'Кременець',4,' ');
INSERT INTO CERTIFICATE (CERTIFICATEPK, NAME, ISSUE_DATE, LOCATION, PERSONFK, TEXT)
  VALUES(1000000005, 'Воєнний білет' , TO_DATE('31.10.2021','DD.MM.YYYY'),'Львів',5,' ');
INSERT INTO CERTIFICATE (CERTIFICATEPK, NAME, ISSUE_DATE, LOCATION, PERSONFK, TEXT)
  VALUES(1000000006, 'Воєнний білет' , TO_DATE('05.12.2021','DD.MM.YYYY'),'Київ',7,' ');
INSERT INTO CERTIFICATE (CERTIFICATEPK, NAME, ISSUE_DATE, LOCATION, PERSONFK, TEXT)
  VALUES(1000000007, 'Воєнний білет' , TO_DATE('31.10.2021','DD.MM.YYYY'),'Харків',9,' ');
INSERT INTO CERTIFICATE (CERTIFICATEPK, NAME, ISSUE_DATE, LOCATION, PERSONFK, TEXT)
  VALUES(1000000008, 'Воєнний білет' , TO_DATE('31.10.2021','DD.MM.YYYY'),'Київ',11,' ');
INSERT INTO CERTIFICATE (CERTIFICATEPK, NAME, ISSUE_DATE, LOCATION, PERSONFK, TEXT)
  VALUES(1000000009, 'Воєнний білет' , TO_DATE('05.12.2021','DD.MM.YYYY'),'Київ',12,' ');
  
SELECT*FROM CERTIFICATE
WHERE LOCATION = 'Київ';

INSERT INTO CERTIFICATE (CERTIFICATEPK, NAME, ISSUE_DATE, LOCATION, PERSONFK, TEXT)
  VALUES(1000000010, 'РМП' , TO_DATE('01.09.2020','DD.MM.YYYY'),'Київ',25,' ');
INSERT INTO CERTIFICATE (CERTIFICATEPK, NAME, ISSUE_DATE, LOCATION, PERSONFK, TEXT)
  VALUES(1000000011, 'РМП' , TO_DATE('01.09.2020','DD.MM.YYYY'),'Київ',22,' ');
INSERT INTO CERTIFICATE (CERTIFICATEPK, NAME, ISSUE_DATE, LOCATION, PERSONFK, TEXT)
  VALUES(1000000012, 'РМП' , TO_DATE('01.09.2020','DD.MM.YYYY'),'Київ',21,' ');
INSERT INTO CERTIFICATE (CERTIFICATEPK, NAME, ISSUE_DATE, LOCATION, PERSONFK, TEXT)
  VALUES(1000000013, 'РМП' , TO_DATE('01.09.2020','DD.MM.YYYY'),'Київ',1,' ');
INSERT INTO CERTIFICATE (CERTIFICATEPK, NAME, ISSUE_DATE, LOCATION, PERSONFK, TEXT)
  VALUES(1000000014, 'РМП' , TO_DATE('01.09.2020','DD.MM.YYYY'),'Харків',15,' ');
INSERT INTO CERTIFICATE (CERTIFICATEPK, NAME, ISSUE_DATE, LOCATION, PERSONFK, TEXT)
  VALUES(1000000015, 'РМП' , TO_DATE('01.09.2020','DD.MM.YYYY'),'Харків',8,' ');
INSERT INTO CERTIFICATE (CERTIFICATEPK, NAME, ISSUE_DATE, LOCATION, PERSONFK, TEXT)
  VALUES(1000000016, 'РМП' , TO_DATE('01.09.2020','DD.MM.YYYY'),'Харків',7,' ');
INSERT INTO CERTIFICATE (CERTIFICATEPK, NAME, ISSUE_DATE, LOCATION, PERSONFK, TEXT)
  VALUES(1000000017, 'РМП' , TO_DATE('01.09.2020','DD.MM.YYYY'),'Харків',27,' ');
INSERT INTO CERTIFICATE (CERTIFICATEPK, NAME, ISSUE_DATE, LOCATION, PERSONFK, TEXT)
  VALUES(1000000018, 'РМП' , TO_DATE('01.09.2020','DD.MM.YYYY'),'Львів',28,' ');
INSERT INTO CERTIFICATE (CERTIFICATEPK, NAME, ISSUE_DATE, LOCATION, PERSONFK, TEXT)
  VALUES(1000000019, 'РМП' , TO_DATE('01.09.2020','DD.MM.YYYY'),'Львів',18,' ');
  
SELECT*FROM CERTIFICATE
WHERE NAME = 'РМП';


INSERT INTO CERTIFICATE (CERTIFICATEPK, NAME, ISSUE_DATE, LOCATION, PERSONFK, TEXT)
  VALUES(1000000020, 'ДПЗП' , TO_DATE('01.09.2020','DD.MM.YYYY'),'Київ',25,' ');
INSERT INTO CERTIFICATE (CERTIFICATEPK, NAME, ISSUE_DATE, LOCATION, PERSONFK, TEXT)
  VALUES(1000000021, 'ДПЗП' , TO_DATE('01.09.2020','DD.MM.YYYY'),'Київ',22,' ');
INSERT INTO CERTIFICATE (CERTIFICATEPK, NAME, ISSUE_DATE, LOCATION, PERSONFK, TEXT)
  VALUES(1000000022, 'ДПЗП' , TO_DATE('01.09.2020','DD.MM.YYYY'),'Київ',21,' ');
INSERT INTO CERTIFICATE (CERTIFICATEPK, NAME, ISSUE_DATE, LOCATION, PERSONFK, TEXT)
  VALUES(1000000023, 'ДПЗП' , TO_DATE('01.09.2020','DD.MM.YYYY'),'Київ',1,' ');
INSERT INTO CERTIFICATE (CERTIFICATEPK, NAME, ISSUE_DATE, LOCATION, PERSONFK, TEXT)
  VALUES(1000000024, 'ДПЗП' , TO_DATE('01.09.2019','DD.MM.YYYY'),'Харків',15,' ');
INSERT INTO CERTIFICATE (CERTIFICATEPK, NAME, ISSUE_DATE, LOCATION, PERSONFK, TEXT)
  VALUES(1000000025, 'ДПЗП' , TO_DATE('01.09.2019','DD.MM.YYYY'),'Харків',8,' ');
INSERT INTO CERTIFICATE (CERTIFICATEPK, NAME, ISSUE_DATE, LOCATION, PERSONFK, TEXT)
  VALUES(1000000026, 'ДПЗП' , TO_DATE('01.09.2019','DD.MM.YYYY'),'Харків',7,' ');
INSERT INTO CERTIFICATE (CERTIFICATEPK, NAME, ISSUE_DATE, LOCATION, PERSONFK, TEXT)
  VALUES(1000000027, 'ДПЗП' , TO_DATE('01.09.2019','DD.MM.YYYY'),'Харків',27,' ');
INSERT INTO CERTIFICATE (CERTIFICATEPK, NAME, ISSUE_DATE, LOCATION, PERSONFK, TEXT)
  VALUES(1000000028, 'ДПЗП' , TO_DATE('01.09.2019','DD.MM.YYYY'),'Львів',28,' ');
INSERT INTO CERTIFICATE (CERTIFICATEPK, NAME, ISSUE_DATE, LOCATION, PERSONFK, TEXT)
  VALUES(1000000029, 'ДПЗП' , TO_DATE('01.09.2019','DD.MM.YYYY'),'Львів',18,' ');
  
SELECT DISTINCT PERSONFK FROM CERTIFICATE
ORDER BY 1 ASC;

INSERT INTO SPESIAL_FORM
  VALUES(1,1);
INSERT INTO SPESIAL_FORM
  VALUES(2,2);  
INSERT INTO SPESIAL_FORM
  VALUES(3,3);
INSERT INTO SPESIAL_FORM
  VALUES(4,4);
INSERT INTO SPESIAL_FORM
  VALUES(5,5);
INSERT INTO SPESIAL_FORM
  VALUES(6,6);
INSERT INTO SPESIAL_FORM
  VALUES(7,7);
INSERT INTO SPESIAL_FORM
  VALUES(8,8);
INSERT INTO SPESIAL_FORM
  VALUES(9,9);
INSERT INTO SPESIAL_FORM
  VALUES(10,11);
INSERT INTO SPESIAL_FORM
  VALUES(11,12);
INSERT INTO SPESIAL_FORM
  VALUES(12,15);
INSERT INTO SPESIAL_FORM
  VALUES(13,18);
INSERT INTO SPESIAL_FORM
  VALUES(14,21);
INSERT INTO SPESIAL_FORM
  VALUES(15,22);
INSERT INTO SPESIAL_FORM
  VALUES(16,25);
INSERT INTO SPESIAL_FORM
  VALUES(17,27);
INSERT INTO SPESIAL_FORM
  VALUES(18,28);


INSERT INTO MY_FORM
SELECT SF.SPESIAL_FORMPK,C.CERTIFICATEPK
FROM SPESIAL_FORM SF INNER JOIN CERTIFICATE C 
     ON SF.PERSONFK = C.PERSONFK
ORDER BY 1;

INSERT INTO SPESIAL_FORM
  VALUES(1000000019,'Насон Олександр Володимирович','0000000001',TO_DATE('01.09.2020','DD.MM.YYYY'));
  
  
INSERT INTO SPESIAL_FORM
  VALUES(1000000018,'Усатюк Владислав Сергійович','0000000002',TO_DATE('01.09.2020','DD.MM.YYYY'));
INSERT INTO SPESIAL_FORM
  VALUES(1000000028,'Усатюк Владислав Сергійович','0000000002',TO_DATE('01.09.2019','DD.MM.YYYY'));
  
INSERT INTO SPESIAL_FORM
  VALUES(1000000017,'Срібна Владіміра Дмитрівна','0000000003',TO_DATE('01.09.2020','DD.MM.YYYY'));
INSERT INTO SPESIAL_FORM
  VALUES(1000000027,'Срібна Владіміра Дмитрівна','0000000003',TO_DATE('01.09.2019','DD.MM.YYYY'));

INSERT INTO SPESIAL_FORM
  VALUES(1000000016,'Іскра Артем Віталійович','0000000004',TO_DATE('01.09.2020','DD.MM.YYYY'));
INSERT INTO SPESIAL_FORM
  VALUES(1000000026,'Іскра Артем Віталійович','0000000004',TO_DATE('01.09.2019','DD.MM.YYYY'));
INSERT INTO SPESIAL_FORM
  VALUES(1000000006,'Іскра Артем Віталійович','0000000004',TO_DATE('15.12.2021','DD.MM.YYYY'));
  
INSERT INTO SPESIAL_FORM
  VALUES(1000000015,'Кірінова Іванна Андріївна','0000000005',TO_DATE('01.09.2020','DD.MM.YYYY'));
INSERT INTO SPESIAL_FORM
  VALUES(1000000025,'Кірінова Іванна Андріївна','0000000005',TO_DATE('01.09.2019','DD.MM.YYYY'));
  
INSERT INTO SPESIAL_FORM
  VALUES(1000000014,'Ломачинський Віталій Сергійович','0000000006',TO_DATE('01.09.2020','DD.MM.YYYY'));
INSERT INTO SPESIAL_FORM
  VALUES(1000000024,'Ломачинський Віталій Сергійович','0000000006',TO_DATE('01.09.2019','DD.MM.YYYY'));
  
INSERT INTO SPESIAL_FORM
  VALUES(1000000013,'Абдулаєв Контсянтин Тамірович','0000000007',TO_DATE('01.09.2020','DD.MM.YYYY'));
INSERT INTO SPESIAL_FORM
  VALUES(1000000023,'Абдулаєв Контсянтин Тамірович','0000000007',TO_DATE('01.09.2019','DD.MM.YYYY'));
INSERT INTO SPESIAL_FORM
  VALUES(1000000001,'Абдулаєв Контсянтин Тамірович','0000000007',TO_DATE('31.10.2021','DD.MM.YYYY'));
  
INSERT INTO SPESIAL_FORM
  VALUES(1000000012,'Рибак Данило Олександрович','0000000008',TO_DATE('01.09.2020','DD.MM.YYYY'));
INSERT INTO SPESIAL_FORM
  VALUES(1000000022,'Рибак Данило Олександрович','0000000008',TO_DATE('01.09.2020','DD.MM.YYYY'));

INSERT INTO SPESIAL_FORM
  VALUES(1000000011,'Рибак Людмила Миколаївна','0000000009',TO_DATE('01.09.2020','DD.MM.YYYY'));
INSERT INTO SPESIAL_FORM
  VALUES(1000000021,'Рибак Людмила Миколаївна','0000000009',TO_DATE('01.09.2020','DD.MM.YYYY'));
  
INSERT INTO SPESIAL_FORM
  VALUES(1000000010,'Соколова Єлизавета Романівна','0000000010',TO_DATE('01.09.2020','DD.MM.YYYY'));
INSERT INTO SPESIAL_FORM
  VALUES(1000000020,'Соколова Єлизавета Романівна','0000000010',TO_DATE('01.09.2020','DD.MM.YYYY'));

SELECT*FROM CERTIFICATE
WHERE NUM <1000000010;

INSERT INTO SPESIAL_FORM
  VALUES(1000000002,'Бенжар Валерій Ігорович','0000000011',TO_DATE('05.12.2021','DD.MM.YYYY'));

INSERT INTO SPESIAL_FORM
  VALUES(1000000003,'Гайдак Владислав Сергійович','0000000012',TO_DATE('31.10.2021','DD.MM.YYYY'));

INSERT INTO SPESIAL_FORM
  VALUES(1000000004,'Година Богдан Юрійович','0000000013',TO_DATE('21.10.2021','DD.MM.YYYY'));

INSERT INTO SPESIAL_FORM
  VALUES(1000000005,'Горбачов Данило Віталійович','0000000014',TO_DATE('31.10.2021','DD.MM.YYYY'));

INSERT INTO SPESIAL_FORM
  VALUES(1000000007,'Ковальов Микита Андрійович','0000000015',TO_DATE('31.10.2021','DD.MM.YYYY'));
  
INSERT INTO SPESIAL_FORM
  VALUES(1000000008,'Колесник Юрій Валерійович','0000000016',TO_DATE('31.10.2021','DD.MM.YYYY'));
  
INSERT INTO SPESIAL_FORM
  VALUES(1000000009,'Коршак Роман Іванович','0000000017',TO_DATE('05.12.2021','DD.MM.YYYY'));